[
{"_index":".kibana","_type":"config","_id":"4.0.2","_score":0,"_source":{"buildNum":6004,"defaultIndex":"logstash-*"}}
,{"_index":".kibana","_type":"search","_id":"syslog","_score":0,"_source":{"title":"syslog","description":"","hits":0,"columns":["_source"],"sort":["@timestamp","desc"],"version":1,"kibanaSavedObjectMeta":{"searchSourceJSON":"{\"index\":\"logstash-*\",\"highlight\":{\"pre_tags\":[\"@kibana-highlighted-field@\"],\"post_tags\":[\"@/kibana-highlighted-field@\"],\"fields\":{\"*\":{}}},\"filter\":[],\"query\":{\"query_string\":{\"query\":\"type:syslog\",\"analyze_wildcard\":true}}}"}}}
,{"_index":".kibana","_type":"search","_id":"docker","_score":0,"_source":{"title":"docker","description":"","hits":0,"columns":["container_id","message"],"sort":["@timestamp","desc"],"version":1,"kibanaSavedObjectMeta":{"searchSourceJSON":"{\"index\":\"logstash-*\",\"highlight\":{\"pre_tags\":[\"@kibana-highlighted-field@\"],\"post_tags\":[\"@/kibana-highlighted-field@\"],\"fields\":{\"*\":{}}},\"filter\":[],\"query\":{\"query_string\":{\"query\":\"program:docker\",\"analyze_wildcard\":true}}}"}}}
,{"_index":".kibana","_type":"visualization","_id":"error-number","_score":0,"_source":{"title":"error-number","visState":"{\"type\":\"metric\",\"params\":{\"fontSize\":60},\"aggs\":[{\"id\":\"1\",\"type\":\"count\",\"schema\":\"metric\",\"params\":{}}],\"listeners\":{}}","description":"","savedSearchId":"error","version":1,"kibanaSavedObjectMeta":{"searchSourceJSON":"{\"filter\":[]}"}}}
,{"_index":".kibana","_type":"visualization","_id":"error","_score":0,"_source":{"title":"error-graph","visState":"{\n  \"type\": \"histogram\",\n  \"params\": {\n    \"shareYAxis\": true,\n    \"addTooltip\": true,\n    \"addLegend\": true,\n    \"mode\": \"stacked\",\n    \"defaultYExtents\": false\n  },\n  \"aggs\": [\n    {\n      \"id\": \"1\",\n      \"type\": \"count\",\n      \"schema\": \"metric\",\n      \"params\": {}\n    },\n    {\n      \"id\": \"2\",\n      \"type\": \"date_histogram\",\n      \"schema\": \"segment\",\n      \"params\": {\n        \"field\": \"@timestamp\",\n        \"interval\": \"auto\",\n        \"min_doc_count\": 1,\n        \"extended_bounds\": {}\n      }\n    }\n  ],\n  \"listeners\": {}\n}","description":"","savedSearchId":"error","version":1,"kibanaSavedObjectMeta":{"searchSourceJSON":"{\n  \"filter\": []\n}"}}}
,{"_index":".kibana","_type":"index-pattern","_id":"logstash-*","_score":0,"_source":{"title":"logstash-*","timeFieldName":"@timestamp","customFormats":"{}","fields":"[{\"type\":\"string\",\"indexed\":true,\"analyzed\":false,\"doc_values\":false,\"name\":\"container_id.raw\",\"count\":0,\"scripted\":false},{\"type\":\"string\",\"indexed\":true,\"analyzed\":true,\"doc_values\":false,\"name\":\"logsource\",\"count\":0,\"scripted\":false},{\"type\":\"string\",\"indexed\":false,\"analyzed\":false,\"name\":\"_source\",\"count\":1,\"scripted\":false},{\"type\":\"string\",\"indexed\":true,\"analyzed\":true,\"doc_values\":false,\"name\":\"type\",\"count\":2,\"scripted\":false},{\"type\":\"string\",\"indexed\":true,\"analyzed\":true,\"doc_values\":false,\"name\":\"severity_label\",\"count\":0,\"scripted\":false},{\"type\":\"string\",\"indexed\":true,\"analyzed\":false,\"doc_values\":false,\"name\":\"@version\",\"count\":0,\"scripted\":false},{\"type\":\"string\",\"indexed\":true,\"analyzed\":true,\"doc_values\":false,\"name\":\"timestamp\",\"count\":0,\"scripted\":false},{\"type\":\"string\",\"indexed\":true,\"analyzed\":false,\"name\":\"_type\",\"count\":1,\"scripted\":false},{\"type\":\"string\",\"indexed\":true,\"analyzed\":false,\"doc_values\":false,\"name\":\"pid.raw\",\"count\":0,\"scripted\":false},{\"type\":\"number\",\"indexed\":true,\"analyzed\":false,\"doc_values\":false,\"name\":\"facility\",\"count\":1,\"scripted\":false},{\"type\":\"string\",\"indexed\":false,\"analyzed\":false,\"name\":\"_id\",\"count\":0,\"scripted\":false},{\"type\":\"string\",\"indexed\":true,\"analyzed\":false,\"doc_values\":false,\"name\":\"host.raw\",\"count\":0,\"scripted\":false},{\"type\":\"number\",\"indexed\":true,\"analyzed\":false,\"doc_values\":false,\"name\":\"priority\",\"count\":1,\"scripted\":false},{\"type\":\"string\",\"indexed\":true,\"analyzed\":false,\"doc_values\":false,\"name\":\"facility_label.raw\",\"count\":0,\"scripted\":false},{\"type\":\"string\",\"indexed\":true,\"analyzed\":true,\"doc_values\":false,\"name\":\"host\",\"count\":1,\"scripted\":false},{\"type\":\"string\",\"indexed\":true,\"analyzed\":false,\"doc_values\":false,\"name\":\"program.raw\",\"count\":0,\"scripted\":false},{\"type\":\"string\",\"indexed\":true,\"analyzed\":false,\"doc_values\":false,\"name\":\"timestamp.raw\",\"count\":0,\"scripted\":false},{\"type\":\"string\",\"indexed\":false,\"analyzed\":false,\"name\":\"_index\",\"count\":0,\"scripted\":false},{\"type\":\"string\",\"indexed\":true,\"analyzed\":true,\"doc_values\":false,\"name\":\"pid\",\"count\":0,\"scripted\":false},{\"type\":\"number\",\"indexed\":true,\"analyzed\":false,\"doc_values\":false,\"name\":\"severity\",\"count\":0,\"scripted\":false},{\"type\":\"string\",\"indexed\":true,\"analyzed\":false,\"doc_values\":false,\"name\":\"logsource.raw\",\"count\":0,\"scripted\":false},{\"type\":\"string\",\"indexed\":true,\"analyzed\":false,\"doc_values\":false,\"name\":\"type.raw\",\"count\":0,\"scripted\":false},{\"type\":\"string\",\"indexed\":true,\"analyzed\":true,\"doc_values\":false,\"name\":\"message\",\"count\":3,\"scripted\":false},{\"type\":\"date\",\"indexed\":true,\"analyzed\":false,\"doc_values\":false,\"name\":\"@timestamp\",\"count\":0,\"scripted\":false},{\"type\":\"string\",\"indexed\":true,\"analyzed\":true,\"doc_values\":false,\"name\":\"program\",\"count\":1,\"scripted\":false},{\"type\":\"string\",\"indexed\":true,\"analyzed\":false,\"doc_values\":false,\"name\":\"severity_label.raw\",\"count\":0,\"scripted\":false},{\"type\":\"string\",\"indexed\":true,\"analyzed\":true,\"doc_values\":false,\"name\":\"facility_label\",\"count\":0,\"scripted\":false},{\"type\":\"string\",\"indexed\":true,\"analyzed\":true,\"doc_values\":false,\"name\":\"container_id\",\"count\":1,\"scripted\":false},{\"type\":\"geo_point\",\"indexed\":true,\"analyzed\":false,\"doc_values\":false,\"name\":\"geoip.location\",\"count\":0,\"scripted\":false}]"}}
,{"_index":".kibana","_type":"search","_id":"error","_score":0,"_source":{"title":"error","description":"","hits":0,"columns":["host","program","message"],"sort":["@timestamp","desc"],"version":1,"kibanaSavedObjectMeta":{"searchSourceJSON":"{\"index\":\"logstash-*\",\"highlight\":{\"pre_tags\":[\"@kibana-highlighted-field@\"],\"post_tags\":[\"@/kibana-highlighted-field@\"],\"fields\":{\"*\":{}}},\"filter\":[],\"query\":{\"query_string\":{\"analyze_wildcard\":true,\"query\":\"error\"}}}"}}}
,{"_index":".kibana","_type":"dashboard","_id":"error","_score":0,"_source":{"title":"error","hits":0,"description":"","panelsJSON":"[{\"col\":1,\"id\":\"error\",\"row\":1,\"size_x\":10,\"size_y\":2,\"type\":\"visualization\"},{\"col\":11,\"id\":\"error-number\",\"row\":1,\"size_x\":2,\"size_y\":2,\"type\":\"visualization\"},{\"col\":1,\"id\":\"error\",\"row\":3,\"size_x\":12,\"size_y\":4,\"type\":\"search\"}]","version":1,"kibanaSavedObjectMeta":{"searchSourceJSON":"{\"filter\":[{\"query\":{\"query_string\":{\"analyze_wildcard\":true,\"query\":\"*\"}}}]}"}}}
]
