[
{"_index":".kibana","_type":"visualization","_id":"cpu","_score":0,"_source":{"title":"cpu","visState":"{\"type\":\"pie\",\"params\":{\"addLegend\":true,\"addTooltip\":true,\"defaultYExtents\":false,\"isDonut\":false,\"shareYAxis\":true,\"spyPerPage\":10},\"aggs\":[{\"id\":\"1\",\"type\":\"sum\",\"schema\":\"metric\",\"params\":{\"field\":\"value\"}},{\"id\":\"2\",\"type\":\"terms\",\"schema\":\"segment\",\"params\":{\"field\":\"type_instance.raw\",\"size\":10,\"order\":\"desc\",\"orderBy\":\"custom\",\"orderAgg\":{\"id\":\"2-orderAgg\",\"type\":\"avg\",\"schema\":\"orderAgg\",\"params\":{\"field\":\"value\"}}}}],\"listeners\":{}}","description":"","savedSearchId":"cpu","version":1,"kibanaSavedObjectMeta":{"searchSourceJSON":"{\"filter\":[]}"}}}
,{"_index":".kibana","_type":"search","_id":"memory","_score":0,"_source":{"title":"memory","description":"","hits":0,"columns":["_source"],"sort":["@timestamp","desc"],"version":1,"kibanaSavedObjectMeta":{"searchSourceJSON":"{\"index\":\"logstash-*\",\"query\":{\"query_string\":{\"query\":\"plugin: \\\"memory\\\"\",\"analyze_wildcard\":true}},\"highlight\":{\"pre_tags\":[\"@kibana-highlighted-field@\"],\"post_tags\":[\"@/kibana-highlighted-field@\"],\"fields\":{\"*\":{}}},\"filter\":[]}"}}}
,{"_index":".kibana","_type":"config","_id":"4.0.2","_score":0,"_source":{"buildNum":6004,"defaultIndex":"logstash-*"}}
,{"_index":".kibana","_type":"visualization","_id":"memory","_score":0,"_source":{"title":"memory","visState":"{\"type\":\"line\",\"params\":{\"shareYAxis\":true,\"addTooltip\":true,\"addLegend\":true,\"defaultYExtents\":false},\"aggs\":[{\"id\":\"1\",\"type\":\"avg\",\"schema\":\"metric\",\"params\":{\"field\":\"value\"}},{\"id\":\"2\",\"type\":\"date_histogram\",\"schema\":\"segment\",\"params\":{\"field\":\"@timestamp\",\"interval\":\"auto\",\"min_doc_count\":1,\"extended_bounds\":{}}},{\"id\":\"3\",\"type\":\"terms\",\"schema\":\"group\",\"params\":{\"field\":\"type_instance\",\"size\":5,\"order\":\"desc\",\"orderBy\":\"1\"}}],\"listeners\":{}}","description":"","savedSearchId":"memory","version":1,"kibanaSavedObjectMeta":{"searchSourceJSON":"{\"filter\":[]}"}}}
,{"_index":".kibana","_type":"visualization","_id":"swap","_score":0,"_source":{"title":"swap","visState":"{\"type\":\"line\",\"params\":{\"shareYAxis\":true,\"addTooltip\":true,\"addLegend\":true,\"defaultYExtents\":false},\"aggs\":[{\"id\":\"1\",\"type\":\"avg\",\"schema\":\"metric\",\"params\":{\"field\":\"value\"}},{\"id\":\"2\",\"type\":\"date_histogram\",\"schema\":\"segment\",\"params\":{\"field\":\"@timestamp\",\"interval\":\"auto\",\"min_doc_count\":1,\"extended_bounds\":{}}},{\"id\":\"3\",\"type\":\"terms\",\"schema\":\"group\",\"params\":{\"field\":\"type_instance.raw\",\"size\":5,\"order\":\"desc\",\"orderBy\":\"1\"}}],\"listeners\":{}}","description":"","savedSearchId":"swap","version":1,"kibanaSavedObjectMeta":{"searchSourceJSON":"{\"filter\":[]}"}}}
,{"_index":".kibana","_type":"visualization","_id":"New-Visualization","_score":0,"_source":{"title":"New Visualization","visState":"{\"type\":\"pie\",\"params\":{\"shareYAxis\":true,\"addTooltip\":true,\"addLegend\":true,\"isDonut\":false},\"aggs\":[{\"id\":\"1\",\"type\":\"sum\",\"schema\":\"metric\",\"params\":{\"field\":\"value\"}},{\"id\":\"2\",\"type\":\"terms\",\"schema\":\"segment\",\"params\":{\"field\":\"type_instance.raw\",\"size\":5,\"order\":\"desc\",\"orderBy\":\"custom\",\"orderAgg\":{\"id\":\"2-orderAgg\",\"type\":\"avg\",\"schema\":\"orderAgg\",\"params\":{\"field\":\"value\"}}}}],\"listeners\":{}}","description":"","savedSearchId":"df","version":1,"kibanaSavedObjectMeta":{"searchSourceJSON":"{\"filter\":[]}"}}}
,{"_index":".kibana","_type":"visualization","_id":"df","_score":0,"_source":{"title":"df","visState":"{\"type\":\"pie\",\"params\":{\"shareYAxis\":true,\"addTooltip\":true,\"addLegend\":true,\"isDonut\":false},\"aggs\":[{\"id\":\"1\",\"type\":\"sum\",\"schema\":\"metric\",\"params\":{\"field\":\"value\"}},{\"id\":\"2\",\"type\":\"terms\",\"schema\":\"segment\",\"params\":{\"field\":\"type_instance.raw\",\"size\":5,\"order\":\"desc\",\"orderBy\":\"custom\",\"orderAgg\":{\"id\":\"2-orderAgg\",\"type\":\"avg\",\"schema\":\"orderAgg\",\"params\":{\"field\":\"value\"}}}}],\"listeners\":{}}","description":"","savedSearchId":"df","version":1,"kibanaSavedObjectMeta":{"searchSourceJSON":"{\"filter\":[]}"}}}
,{"_index":".kibana","_type":"search","_id":"swap","_score":0,"_source":{"title":"swap","description":"","hits":0,"columns":["_source"],"sort":["@timestamp","desc"],"version":1,"kibanaSavedObjectMeta":{"searchSourceJSON":"{\"index\":\"logstash-*\",\"query\":{\"query_string\":{\"query\":\"plugin: \\\"swap\\\"\",\"analyze_wildcard\":true}},\"highlight\":{\"pre_tags\":[\"@kibana-highlighted-field@\"],\"post_tags\":[\"@/kibana-highlighted-field@\"],\"fields\":{\"*\":{}}},\"filter\":[]}"}}}
,{"_index":".kibana","_type":"search","_id":"cpu","_score":0,"_source":{"title":"cpu","description":"","hits":0,"columns":["_source"],"sort":["@timestamp","desc"],"version":1,"kibanaSavedObjectMeta":{"searchSourceJSON":"{\"index\":\"logstash-*\",\"query\":{\"query_string\":{\"query\":\"plugin: \\\"cpu\\\"\",\"analyze_wildcard\":true}},\"highlight\":{\"pre_tags\":[\"@kibana-highlighted-field@\"],\"post_tags\":[\"@/kibana-highlighted-field@\"],\"fields\":{\"*\":{}}},\"filter\":[]}"}}}
,{"_index":".kibana","_type":"search","_id":"df","_score":0,"_source":{"title":"df","description":"","hits":0,"columns":["_source"],"sort":["@timestamp","desc"],"version":1,"kibanaSavedObjectMeta":{"searchSourceJSON":"{\"index\":\"logstash-*\",\"query\":{\"query_string\":{\"query\":\"plugin: \\\"df\\\"\",\"analyze_wildcard\":true}},\"highlight\":{\"pre_tags\":[\"@kibana-highlighted-field@\"],\"post_tags\":[\"@/kibana-highlighted-field@\"],\"fields\":{\"*\":{}}},\"filter\":[]}"}}}
,{"_index":".kibana","_type":"index-pattern","_id":"logstash-*","_score":0,"_source":{"title":"logstash-*","timeFieldName":"@timestamp","customFormats":"{}","fields":"[{\"type\":\"string\",\"indexed\":false,\"analyzed\":false,\"name\":\"_index\",\"count\":0,\"scripted\":false},{\"type\":\"string\",\"indexed\":true,\"analyzed\":false,\"name\":\"_type\",\"count\":0,\"scripted\":false},{\"type\":\"geo_point\",\"indexed\":true,\"analyzed\":false,\"doc_values\":false,\"name\":\"geoip.location\",\"count\":0,\"scripted\":false},{\"type\":\"string\",\"indexed\":true,\"analyzed\":false,\"doc_values\":false,\"name\":\"@version\",\"count\":0,\"scripted\":false},{\"type\":\"string\",\"indexed\":false,\"analyzed\":false,\"name\":\"_source\",\"count\":0,\"scripted\":false},{\"type\":\"string\",\"indexed\":false,\"analyzed\":false,\"name\":\"_id\",\"count\":0,\"scripted\":false},{\"type\":\"number\",\"indexed\":true,\"analyzed\":false,\"doc_values\":false,\"name\":\"tx\",\"count\":0,\"scripted\":false},{\"type\":\"number\",\"indexed\":true,\"analyzed\":false,\"doc_values\":false,\"name\":\"rx\",\"count\":0,\"scripted\":false},{\"type\":\"string\",\"indexed\":true,\"analyzed\":false,\"doc_values\":false,\"name\":\"type_instance.raw\",\"count\":0,\"scripted\":false},{\"type\":\"string\",\"indexed\":true,\"analyzed\":true,\"doc_values\":false,\"name\":\"type\",\"count\":6,\"scripted\":false},{\"type\":\"string\",\"indexed\":true,\"analyzed\":false,\"doc_values\":false,\"name\":\"plugin_instance.raw\",\"count\":0,\"scripted\":false},{\"type\":\"string\",\"indexed\":true,\"analyzed\":false,\"doc_values\":false,\"name\":\"collectd_type.raw\",\"count\":0,\"scripted\":false},{\"type\":\"string\",\"indexed\":true,\"analyzed\":true,\"doc_values\":false,\"name\":\"host\",\"count\":0,\"scripted\":false},{\"type\":\"number\",\"indexed\":true,\"analyzed\":false,\"doc_values\":false,\"name\":\"value\",\"count\":0,\"scripted\":false},{\"type\":\"string\",\"indexed\":true,\"analyzed\":true,\"doc_values\":false,\"name\":\"plugin_instance\",\"count\":9,\"scripted\":false},{\"type\":\"string\",\"indexed\":true,\"analyzed\":true,\"doc_values\":false,\"name\":\"type_instance\",\"count\":7,\"scripted\":false},{\"type\":\"string\",\"indexed\":true,\"analyzed\":false,\"doc_values\":false,\"name\":\"host.raw\",\"count\":0,\"scripted\":false},{\"type\":\"string\",\"indexed\":true,\"analyzed\":false,\"doc_values\":false,\"name\":\"type.raw\",\"count\":0,\"scripted\":false},{\"type\":\"string\",\"indexed\":true,\"analyzed\":false,\"doc_values\":false,\"name\":\"plugin.raw\",\"count\":0,\"scripted\":false},{\"type\":\"date\",\"indexed\":true,\"analyzed\":false,\"doc_values\":false,\"name\":\"@timestamp\",\"count\":0,\"scripted\":false},{\"type\":\"string\",\"indexed\":true,\"analyzed\":true,\"doc_values\":false,\"name\":\"plugin\",\"count\":3,\"scripted\":false},{\"type\":\"string\",\"indexed\":true,\"analyzed\":true,\"doc_values\":false,\"name\":\"collectd_type\",\"count\":5,\"scripted\":false}]"}}
,{"_index":".kibana","_type":"search","_id":"interface","_score":0,"_source":{"title":"interface","description":"","hits":0,"columns":["_source"],"sort":["@timestamp","desc"],"version":1,"kibanaSavedObjectMeta":{"searchSourceJSON":"{\"index\":\"logstash-*\",\"query\":{\"query_string\":{\"query\":\"plugin: \\\"interface\\\" AND plugin_instance: \\\"eth0\\\"\",\"analyze_wildcard\":true}},\"highlight\":{\"pre_tags\":[\"@kibana-highlighted-field@\"],\"post_tags\":[\"@/kibana-highlighted-field@\"],\"fields\":{\"*\":{}}},\"filter\":[]}"}}}
,{"_index":".kibana","_type":"dashboard","_id":"hardware","_score":0,"_source":{"title":"hardware","hits":0,"description":"","panelsJSON":"[{\"col\":1,\"id\":\"cpu\",\"row\":4,\"size_x\":3,\"size_y\":3,\"type\":\"visualization\"},{\"col\":4,\"id\":\"memory\",\"row\":1,\"size_x\":9,\"size_y\":3,\"type\":\"visualization\"},{\"col\":1,\"id\":\"df\",\"row\":1,\"size_x\":3,\"size_y\":3,\"type\":\"visualization\"},{\"col\":4,\"id\":\"swap\",\"row\":4,\"size_x\":9,\"size_y\":3,\"type\":\"visualization\"}]","version":1,"kibanaSavedObjectMeta":{"searchSourceJSON":"{\"filter\":[{\"query\":{\"query_string\":{\"analyze_wildcard\":true,\"query\":\"*\"}}}]}"}}}
]
