<!-- 
Used by Travis to deploy snapshots to Maven central / OSSRH after a successful
build on the master branch. See .travis.yml for more. 
-->
<settings xmlns="http://maven.apache.org/SETTINGS/1.0.0"
  xmlns:xsi="http://www.w3.org/2001/XMLSchema-instance"
  xsi:schemaLocation="http://maven.apache.org/SETTINGS/1.0.0
                      http://maven.apache.org/xsd/settings-1.0.0.xsd">

  <servers>
    <server>
      <!-- Maven Central Deployment -->
      <id>ossrh</id>
      <username>${env.SONATYPE_USERNAME}</username>
      <password>${env.SONATYPE_PASSWORD}</password>
    </server>
  </servers>

</settings>
